O,Wee,wee2939,Wee Prada,0029102-919-2919,Male,prada@hajsie.com,019-32812820
O,huihuihui123,huihui11111,Hui Hui,910210-04-2201,Female,huihui@gmail.com,0127766554
C,John,1234,John Koh,990809-02-2242,Male,john00@gmail.com,017222239,ERN 07117,Future Property Sdn Bhd,E(1)1321/3
O,Qui88,889900,Qui Qui ,880811-09-0000,Male,quiqui@gmail.com,016-2299110
O,ahmaf99,9988,Ahmad,880109-0-0981,Male,ahmad@gmail.com,019223345467
O,AliAhkao,yay22,Ali AhKao Abu,880711-02-3333,Male,aliahgao@gmail.com,019-2233445
C,Bryan,1234,Bryan Lim,760809-01-1122,Male,bryannn@gmail.com,0100099239,ERN 12357,Apple Property Sdn Bhd,E(1)1371/3
O,Hong,1234,Hong Hong,880123-09-3333,Male,hong@gmail.com,017-29102912
C,sharon,1234,Sharon Yang,800226-02-6742,Female,sharon0226@gmail.com,0172565399,REN 07257,Future Property Sdn Bhd,E(1)1321/3
