T1633427358081,AliBaba,abc1234,OngJiaXuan,sweetiepie@gmail.com,
T1633427367975,Honeypietengg,abc123,WONGYITENG,yiitengteng@hotmail.comg,
O100,Ong,1234,Ong,929102-02-919292,Female,ong@gmail.com,01778782992,
T1634395526615,daisywong,password123,WongLaiFong,happyalways@gmail.com,
C100,Lily,lily123,LilyRose,861112053256,Female,lily@email.com,0142569866,Agent555,ABCSdnBhd,ABC666,
C200,XiaoMing,ming123,LowXiaoMing,901023063254,Male,ming@email.com,0131439028,Agent233,CodeSdnBhd,Code332,
T1634618263383,iamyiteng,1,WongLaiFong,laifong@hotmail.com,
A100,c.chin,abcd,ChinPeiWern,
A1634634348381,aliahmad,123,AliAhmad,
A1634634472107,chin,123,peiwern,
A1634634995788,ass,ass,asss,
O1634822891344,WINTER,1234,WINTER,770920-01-1122,Female,winter@gmail.com,0163159110,
O1634823346623,Jinn,1234,JinnLee,950209-07-2222,Male,jinn@gmail.com,0166574252,
O1634823348363,Teh,1234,MckayCTEH,881201-09-8888,Female,teh@gmail.com,013-3312818,
O1634823350283,Cheryl,1234,Cheryl,921011-01-1111,Female,cheryl@gmail.com,012-2317060,
O1634823351797,Eric,1234,EricLeong,930123-04-2234,Male,eric@gmail.com,012-3045217,
O1634823356269,Austin,1234,AustinKeh,970111-01-1111,Male,austin@gmail.com,017-5270006,
O1634821318809,dylan0909,abc123,DylanKeh,700210042123,Male,dylankeh1995@gmail.com,0183184526,
O1634821471575,cfcf1212,123abc,CFWong,987610104567,Female,chriswong1212@gmail.com,0124382786,
C1634833486409,sue,1234,SueTan,841003-05-6529,Female,cyberjayaproperties110@gmail.com,012-2531322,REN07490,ChesterPropertiesSdn.Bhd.-Bangsar,E(1)1321/17,
C1634833495370,wilson,1234,WilsonYap,790623-07-7428,Male,wilson@gmail.com,016-6207590,REN37527,TheRoofRealty-Puchong,E(1)1605/3,
C1634833497569,madamong,1234,MadamOng,790623-07-7428,Female,chestar_properties@gmail.com,019-3852202,REN07493,ChesterProperties-Kepong,E(1)1321/8,
T1634908095558,doremi,1234,Doremi,doremi2021@hotmail.com,
O1634913939345,pei12,123,ChinPeiWern,010101-03-0404,Female,chinchin@hotmail.com,0123456789,
A1634913844394,ong999,123,OngJiaJia,
A1634915824380,teng,123,WongYiTeng,
O1634919680468,Abu,1234,Abu,982910-02-0202,Male,abu@gmaio.com,929292922,
A1634919595596,boo,1234,booboo,
A1635071753501,Adam99,try,AdamSequerah,
T1635089557814,sssss,abc123,TT2V_OOAD,ssss@hotmail.com,
T1635090767620,doremifaso,abc123,TT2V_OOAD,doremifaso@gmail.com,
